{
  "random_forest": {
    "accuracy": 0.825,
    "precision": 0.8365384615384617,
    "recall": 0.825,
    "f1": 0.8158156028368794,
    "cv_mean": 0.8339743589743589,
    "cv_std": 0.05221113511358268
  },
  "gradient_boosting": {
    "accuracy": 0.825,
    "precision": 0.8190217391304347,
    "recall": 0.825,
    "f1": 0.818939393939394,
    "cv_mean": 0.7534615384615385,
    "cv_std": 0.06541175907168427
  }
}